-9.25596e+61,0,-0.5,0,10,0,0
0.02,0.02,-0.5,0,10,0,0
0.04,0.04,-0.5,0,10,0,0
0.06,0.06,-0.5,0,10,0,0
0.08,0.08,-0.5,0,10,0,0
0.1,0.1,-0.5,0,10,0,0
0.12,0.12,-0.5,0,10,0,0
0.14,0.14,-0.5,0,10,0,0
0.16,0.16,-0.5,0,10,0,0
0.18,0.18,-0.5,0,10,0,0
0.2,0.2,-0.5,0,10,0,0
0.22,0.22,-0.5,0,10,0,0
0.24,0.24,-0.5,0,10,0,0
0.26,0.26,-0.5,0,10,0,0
0.28,0.28,-0.5,0,10,0,0
0.3,0.3,-0.5,0,10,0,0
0.32,0.32,-0.5,0,10,0,0
0.34,0.34,-0.5,0,10,0,0
0.36,0.36,-0.5,0,10,0,0
0.38,0.38,-0.5,0,10,0,0
0.4,0.4,-0.5,0,10,0,0
0.42,0.42,-0.5,0,10,0,0
0.44,0.44,-0.5,0,10,0,0
0.46,0.46,-0.5,0,10,0,0
0.48,0.48,-0.5,0,10,0,0
0.5,0.5,-0.5,0,10,0,0
0.52,0.52,-0.5,0,10,0,0
0.54,0.54,-0.5,0,10,0,0
0.56,0.56,-0.5,0,10,0,0
0.58,0.58,-0.5,0,10,0,0
0.6,0.6,-0.5,0,10,0,0
0.62,0.62,-0.5,0,10,0,0
0.64,0.64,-0.5,0,10,0,0
0.66,0.66,-0.5,0,10,0,0
0.68,0.68,-0.5,0,10,0,0
0.7,0.7,-0.5,0,10,0,0
0.72,0.72,-0.5,0,10,0,0
0.74,0.74,-0.5,0,10,0,0
0.76,0.76,-0.5,0,10,0,0
0.78,0.78,-0.5,0,10,0,0
0.8,0.8,-0.5,0,10,0,0
0.82,0.82,-0.5,0,10,0,0
0.84,0.84,-0.5,0,10,0,0
0.86,0.86,-0.5,0,10,0,0
0.88,0.88,-0.5,0,10,0,0
0.9,0.9,-0.5,0,10,0,0
0.92,0.92,-0.5,0,10,0,0
0.94,0.94,-0.5,0,10,0,0
0.96,0.96,-0.5,0,10,0,0
0.98,0.98,-0.5,0,10,0,0
1,1,-0.5,0,10,0,0
1.02,1.02,-0.5,0,10,0,0
1.04,1.04,-0.5,0,10,0,0
1.06,1.06,-0.5,0,10,0,0
1.08,1.08,-0.5,0,10,0,0
1.1,1.1,-0.5,0,10,0,0
1.12,1.12,-0.5,0,10,0,0
1.14,1.14,-0.5,0,10,0,0
1.16,1.16,-0.5,0,10,0,0
1.18,1.18,-0.5,0,10,0,0
1.2,1.2,-0.5,0,10,0,0
1.22,1.22,-0.5,0,10,0,0
1.24,1.24,-0.5,0,10,0,0
1.26,1.26,-0.5,0,10,0,0
1.28,1.28,-0.5,0,10,0,0
1.3,1.3,-0.5,0,10,0,0
1.32,1.32,-0.5,0,10,0,0
1.34,1.34,-0.5,0,10,0,0
1.36,1.36,-0.5,0,10,0,0
1.38,1.38,-0.5,0,10,0,0
1.4,1.4,-0.5,0,10,0,0
1.42,1.42,-0.5,0,10,0,0
1.44,1.44,-0.5,0,10,0,0
1.46,1.46,-0.5,0,10,0,0
1.48,1.48,-0.5,0,10,0,0
1.5,1.5,-0.5,0,10,0,0
1.52,1.52,-0.5,0,10,0,0
1.54,1.54,-0.5,0,10,0,0
1.56,1.56,-0.5,0,10,0,0
1.58,1.58,-0.5,0,10,0,0
1.6,1.6,-0.5,0,10,0,0
1.62,1.62,-0.5,0,10,0,0
1.64,1.64,-0.5,0,10,0,0
1.66,1.66,-0.5,0,10,0,0
1.68,1.68,-0.5,0,10,0,0
1.7,1.7,-0.5,0,10,0,0
1.72,1.72,-0.5,0,10,0,0
1.74,1.74,-0.5,0,10,0,0
1.76,1.76,-0.5,0,10,0,0
1.78,1.78,-0.5,0,10,0,0
1.8,1.8,-0.5,0,10,0,0
1.82,1.82,-0.5,0,10,0,0
1.84,1.84,-0.5,0,10,0,0
1.86,1.86,-0.5,0,10,0,0
1.88,1.88,-0.5,0,10,0,0
1.9,1.9,-0.5,0,10,0,0
1.92,1.92,-0.5,0,10,0,0
1.94,1.94,-0.5,0,10,0,0
1.96,1.96,-0.5,0,10,0,0
1.98,1.98,-0.5,0,10,0,0
2,2,-0.5,0,10,0,0
2.02,2.02,-0.5,0,10,0,0
2.04,2.04,-0.5,0,10,0,0
2.06,2.06,-0.5,0,10,0,0
2.08,2.08,-0.5,0,10,0,0
2.1,2.1,-0.5,0,10,0,0
2.12,2.12,-0.5,0,10,0,0
2.14,2.14,-0.5,0,10,0,0
2.16,2.16,-0.5,0,10,0,0
2.18,2.18,-0.5,0,10,0,0
2.2,2.2,-0.5,0,10,0,0
2.22,2.22,-0.5,0,10,0,0
2.24,2.24,-0.5,0,10,0,0
2.26,2.26,-0.5,0,10,0,0
2.28,2.28,-0.5,0,10,0,0
2.3,2.3,-0.5,0,10,0,0
2.32,2.32,-0.5,0,10,0,0
2.34,2.34,-0.5,0,10,0,0
2.36,2.36,-0.5,0,10,0,0
2.38,2.38,-0.5,0,10,0,0
2.4,2.4,-0.5,0,10,0,0
2.42,2.42,-0.5,0,10,0,0
2.44,2.44,-0.5,0,10,0,0
2.46,2.46,-0.5,0,10,0,0
2.48,2.48,-0.5,0,10,0,0
2.5,2.5,-0.5,0,10,0,0
2.52,2.52,-0.5,0,10,0,0
2.54,2.54,-0.5,0,10,0,0
2.56,2.56,-0.5,0,10,0,0
2.58,2.58,-0.5,0,10,0,0
2.6,2.6,-0.5,0,10,0,0
2.62,2.62,-0.5,0,10,0,0
2.64,2.64,-0.5,0,10,0,0
2.66,2.66,-0.5,0,10,0,0
2.68,2.68,-0.5,0,10,0,0
2.7,2.7,-0.5,0,10,0,0
2.72,2.72,-0.5,0,10,0,0
2.74,2.74,-0.5,0,10,0,0
2.76,2.76,-0.5,0,10,0,0
2.78,2.78,-0.5,0,10,0,0
2.8,2.8,-0.5,0,10,0,0
2.82,2.82,-0.5,0,10,0,0
2.84,2.84,-0.5,0,10,0,0
2.86,2.86,-0.5,0,10,0,0
2.88,2.88,-0.5,0,10,0,0
2.9,2.9,-0.5,0,10,0,0
2.92,2.92,-0.5,0,10,0,0
2.94,2.94,-0.5,0,10,0,0
2.96,2.96,-0.5,0,10,0,0
2.98,2.98,-0.5,0,10,0,0
3,3,-0.5,0,10,0,0
3.02,3.02,-0.5,0,10,0,0
3.04,3.04,-0.5,0,10,0,0
3.06,3.06,-0.5,0,10,0,0
3.08,3.08,-0.5,0,10,0,0
3.1,3.1,-0.5,0,10,0,0
3.12,3.12,-0.5,0,10,0,0
3.14,3.14,-0.5,0,10,0,0
3.16,3.16,-0.5,0,10,0,0
3.18,3.18,-0.5,0,10,0,0
3.2,3.2,-0.5,0,10,0,0
3.22,3.22,-0.5,0,10,0,0
3.24,3.24,-0.5,0,10,0,0
3.26,3.26,-0.5,0,10,0,0
3.28,3.28,-0.5,0,10,0,0
3.3,3.3,-0.5,0,10,0,0
3.32,3.32,-0.5,0,10,0,0
3.34,3.34,-0.5,0,10,0,0
3.36,3.36,-0.5,0,10,0,0
3.38,3.38,-0.5,0,10,0,0
3.4,3.4,-0.5,0,10,0,0
3.42,3.42,-0.5,0,10,0,0
3.44,3.44,-0.5,0,10,0,0
3.46,3.46,-0.5,0,10,0,0
3.48,3.48,-0.5,0,10,0,0
3.5,3.5,-0.5,0,10,0,0
3.52,3.52,-0.5,0,10,0,0
3.54,3.54,-0.5,0,10,0,0
3.56,3.56,-0.5,0,10,0,0
3.58,3.58,-0.5,0,10,0,0
3.6,3.6,-0.5,0,10,0,0
3.62,3.62,-0.5,0,10,0,0
3.64,3.64,-0.5,0,10,0,0
3.66,3.66,-0.5,0,10,0,0
3.68,3.68,-0.5,0,10,0,0
3.7,3.7,-0.5,0,10,0,0
3.72,3.72,-0.5,0,10,0,0
3.74,3.74,-0.5,0,10,0,0
3.76,3.76,-0.5,0,10,0,0
3.78,3.78,-0.5,0,10,0,0
3.8,3.8,-0.5,0,10,0,0
3.82,3.82,-0.5,0,10,0,0
3.84,3.84,-0.5,0,10,0,0
3.86,3.86,-0.5,0,10,0,0
3.88,3.88,-0.5,0,10,0,0
3.9,3.9,-0.5,0,10,0,0
3.92,3.92,-0.5,0,10,0,0
3.94,3.94,-0.5,0,10,0,0
3.96,3.96,-0.5,0,10,0,0
3.98,3.98,-0.5,0,10,0,0
4,4,-0.5,0,10,0,0
4.02,4.02,-0.5,0,10,0,0
4.04,4.04,-0.5,0,10,0,0
4.06,4.06,-0.5,0,10,0,0
4.08,4.08,-0.5,0,10,0,0
4.1,4.1,-0.5,0,10,0,0
4.12,4.12,-0.5,0,10,0,0
4.14,4.14,-0.5,0,10,0,0
4.16,4.16,-0.5,0,10,0,0
4.18,4.18,-0.5,0,10,0,0
4.2,4.2,-0.5,0,10,0,0
4.22,4.22,-0.5,0,10,0,0
4.24,4.24,-0.5,0,10,0,0
4.26,4.26,-0.5,0,10,0,0
4.28,4.28,-0.5,0,10,0,0
4.3,4.3,-0.5,0,10,0,0
4.32,4.32,-0.5,0,10,0,0
4.34,4.34,-0.5,0,10,0,0
4.36,4.36,-0.5,0,10,0,0
4.38,4.38,-0.5,0,10,0,0
4.4,4.4,-0.5,0,10,0,0
4.42,4.42,-0.5,0,10,0,0
4.44,4.44,-0.5,0,10,0,0
4.46,4.46,-0.5,0,10,0,0
4.48,4.48,-0.5,0,10,0,0
4.5,4.5,-0.5,0,10,0,0
4.52,4.52,-0.5,0,10,0,0
4.54,4.54,-0.5,0,10,0,0
4.56,4.56,-0.5,0,10,0,0
4.58,4.58,-0.5,0,10,0,0
4.6,4.6,-0.5,0,10,0,0
4.62,4.62,-0.5,0,10,0,0
4.64,4.64,-0.5,0,10,0,0
4.66,4.66,-0.5,0,10,0,0
4.68,4.68,-0.5,0,10,0,0
4.7,4.7,-0.5,0,10,0,0
4.72,4.72,-0.5,0,10,0,0
4.74,4.74,-0.5,0,10,0,0
4.76,4.76,-0.5,0,10,0,0
4.78,4.78,-0.5,0,10,0,0
4.8,4.8,-0.5,0,10,0,0
4.82,4.82,-0.5,0,10,0,0
4.84,4.84,-0.5,0,10,0,0
4.86,4.86,-0.5,0,10,0,0
4.88,4.88,-0.5,0,10,0,0
4.9,4.9,-0.5,0,10,0,0
4.92,4.92,-0.5,0,10,0,0
4.94,4.94,-0.5,0,10,0,0
4.96,4.96,-0.5,0,10,0,0
4.98,4.98,-0.5,0,10,0,0
5,5,-0.5,0,10,0,0
5.02,5.02,-0.5,0,10,0,0
5.04,5.04,-0.5,0,10,0,0
5.06,5.06,-0.5,0,10,0,0
5.08,5.08,-0.5,0,10,0,0
5.1,5.1,-0.5,0,10,0,0
5.12,5.12,-0.5,0,10,0,0
5.14,5.14,-0.5,0,10,0,0
5.16,5.16,-0.5,0,10,0,0
5.18,5.18,-0.5,0,10,0,0
5.2,5.2,-0.5,0,10,0,0
5.22,5.22,-0.5,0,10,0,0
5.24,5.24,-0.5,0,10,0,0
5.26,5.26,-0.5,0,10,0,0
5.28,5.28,-0.5,0,10,0,0
5.3,5.3,-0.5,0,10,0,0
5.32,5.32,-0.5,0,10,0,0
5.34,5.34,-0.5,0,10,0,0
5.36,5.36,-0.5,0,10,0,0
5.38,5.38,-0.5,0,10,0,0
5.4,5.4,-0.5,0,10,0,0
5.42,5.42,-0.5,0,10,0,0
5.44,5.44,-0.5,0,10,0,0
5.46,5.46,-0.5,0,10,0,0
5.48,5.48,-0.5,0,10,0,0
5.5,5.5,-0.5,0,10,0,0
5.52,5.52,-0.5,0,10,0,0
5.54,5.54,-0.5,0,10,0,0
5.56,5.56,-0.5,0,10,0,0
5.58,5.58,-0.5,0,10,0,0
5.6,5.6,-0.5,0,10,0,0
5.62,5.62,-0.5,0,10,0,0
5.64,5.64,-0.5,0,10,0,0
5.66,5.66,-0.5,0,10,0,0
5.68,5.68,-0.5,0,10,0,0
5.7,5.7,-0.5,0,10,0,0
5.72,5.72,-0.5,0,10,0,0
5.74,5.74,-0.5,0,10,0,0
5.76,5.76,-0.5,0,10,0,0
5.78,5.78,-0.5,0,10,0,0
5.8,5.8,-0.5,0,10,0,0
5.82,5.82,-0.5,0,10,0,0
5.84,5.84,-0.5,0,10,0,0
5.86,5.86,-0.5,0,10,0,0
5.88,5.88,-0.5,0,10,0,0
5.9,5.9,-0.5,0,10,0,0
5.92,5.92,-0.5,0,10,0,0
5.94,5.94,-0.5,0,10,0,0
5.96,5.96,-0.5,0,10,0,0
5.98,5.98,-0.5,0,10,0,0
6,6,-0.5,0,10,0,0
6.02,6.02,-0.5,0,10,0,0
6.04,6.04,-0.5,0,10,0,0
6.06,6.06,-0.5,0,10,0,0
6.08,6.08,-0.5,0,10,0,0
6.1,6.1,-0.5,0,10,0,0
6.12,6.12,-0.5,0,10,0,0
6.14,6.14,-0.5,0,10,0,0
6.16,6.16,-0.5,0,10,0,0
6.18,6.18,-0.5,0,10,0,0
6.2,6.2,-0.5,0,10,0,0
6.22,6.22,-0.5,0,10,0,0
6.24,6.24,-0.5,0,10,0,0
6.26,6.26,-0.5,0,10,0,0
6.28,6.28,-0.5,0,10,0,0
6.3,6.3,-0.5,0,10,0,0
6.32,6.32,-0.5,0,10,0,0
6.34,6.34,-0.5,0,10,0,0
6.36,6.36,-0.5,0,10,0,0
6.38,6.38,-0.5,0,10,0,0
6.4,6.4,-0.5,0,10,0,0
6.42,6.42,-0.5,0,10,0,0
6.44,6.44,-0.5,0,10,0,0
6.46,6.46,-0.5,0,10,0,0
6.48,6.48,-0.5,0,10,0,0
6.5,6.5,-0.5,0,10,0,0
6.52,6.52,-0.5,0,10,0,0
6.54,6.54,-0.5,0,10,0,0
6.56,6.56,-0.5,0,10,0,0
6.58,6.58,-0.5,0,10,0,0
6.6,6.6,-0.5,0,10,0,0
6.62,6.62,-0.5,0,10,0,0
6.64,6.64,-0.5,0,10,0,0
6.66,6.66,-0.5,0,10,0,0
6.68,6.68,-0.5,0,10,0,0
6.7,6.7,-0.5,0,10,0,0
6.72,6.72,-0.5,0,10,0,0
6.74,6.74,-0.5,0,10,0,0
6.76,6.76,-0.5,0,10,0,0
6.78,6.78,-0.5,0,10,0,0
6.8,6.8,-0.5,0,10,0,0
6.82,6.82,-0.5,0,10,0,0
6.84,6.84,-0.5,0,10,0,0
6.86,6.86,-0.5,0,10,0,0
6.88,6.88,-0.5,0,10,0,0
6.9,6.9,-0.5,0,10,0,0
6.92,6.92,-0.5,0,10,0,0
6.94,6.94,-0.5,0,10,0,0
6.96,6.96,-0.5,0,10,0,0
6.98,6.98,-0.5,0,10,0,0
7,7,-0.5,0,10,0,0
7.02,7.02,-0.5,0,10,0,0
7.04,7.04,-0.5,0,10,0,0
7.06,7.06,-0.5,0,10,0,0
7.08,7.08,-0.5,0,10,0,0
7.1,7.1,-0.5,0,10,0,0
7.12,7.12,-0.5,0,10,0,0
7.14,7.14,-0.5,0,10,0,0
7.16,7.16,-0.5,0,10,0,0
7.18,7.18,-0.5,0,10,0,0
7.2,7.2,-0.5,0,10,0,0
7.22,7.22,-0.5,0,10,0,0
7.24,7.24,-0.5,0,10,0,0
7.26,7.26,-0.5,0,10,0,0
7.28,7.28,-0.5,0,10,0,0
7.3,7.3,-0.5,0,10,0,0
7.32,7.32,-0.5,0,10,0,0
7.34,7.34,-0.5,0,10,0,0
7.36,7.36,-0.5,0,10,0,0
7.38,7.38,-0.5,0,10,0,0
7.4,7.4,-0.5,0,10,0,0
7.42,7.42,-0.5,0,10,0,0
7.44,7.44,-0.5,0,10,0,0
7.46,7.46,-0.5,0,10,0,0
7.48,7.48,-0.5,0,10,0,0
7.5,7.5,-0.5,0,10,0,0
7.52,7.52,-0.5,0,10,0,0
7.54,7.54,-0.5,0,10,0,0
7.56,7.56,-0.5,0,10,0,0
7.58,7.58,-0.5,0,10,0,0
7.6,7.6,-0.5,0,10,0,0
7.62,7.62,-0.5,0,10,0,0
7.64,7.64,-0.5,0,10,0,0
7.66,7.66,-0.5,0,10,0,0
7.68,7.68,-0.5,0,10,0,0
7.7,7.7,-0.5,0,10,0,0
7.72,7.72,-0.5,0,10,0,0
7.74,7.74,-0.5,0,10,0,0
7.76,7.76,-0.5,0,10,0,0
7.78,7.78,-0.5,0,10,0,0
7.8,7.8,-0.5,0,10,0,0
7.82,7.82,-0.5,0,10,0,0
7.84,7.84,-0.5,0,10,0,0
7.86,7.86,-0.5,0,10,0,0
7.88,7.88,-0.5,0,10,0,0
7.9,7.9,-0.5,0,10,0,0
7.92,7.92,-0.5,0,10,0,0
7.94,7.94,-0.5,0,10,0,0
7.96,7.96,-0.5,0,10,0,0
7.98,7.98,-0.5,0,10,0,0
8,8,-0.5,0,10,0,0
8.02,8.02,-0.5,0,10,0,0
8.04,8.04,-0.5,0,10,0,0
8.06,8.06,-0.5,0,10,0,0
8.08,8.08,-0.5,0,10,0,0
8.1,8.09988,-0.500032,0.000221959,10.0001,3.19636e-05,-0.000221959
8.12,8.11681,-0.50084,0.00577914,10.0032,0.0008398,-0.00577914
8.14,8.12726,-0.50337,0.0230654,10.0127,0.00337023,-0.0230654
8.16,8.13138,-0.507603,0.0518296,10.0286,0.00760299,-0.0518296
8.18,8.13277,-0.512575,0.0855271,10.0472,0.0125745,-0.0855271
8.2,8.13412,-0.517558,0.119307,10.0659,0.0175585,-0.119307
8.22,8.13548,-0.522542,0.153087,10.0845,0.0225424,-0.153087
8.24,8.13683,-0.527526,0.186866,10.1032,0.0275264,-0.186866
8.26,8.13818,-0.53251,0.220646,10.1218,0.0325104,-0.220646
8.28,8.13953,-0.537494,0.254426,10.1405,0.0374943,-0.254426
8.3,8.14088,-0.542478,0.288206,10.1591,0.0424783,-0.288206
8.32,8.14224,-0.547462,0.321986,10.1778,0.0474622,-0.321986
8.34,8.14359,-0.552446,0.355765,10.1964,0.0524462,-0.355765
8.36,8.14494,-0.55743,0.389545,10.2151,0.0574301,-0.389545
8.38,8.14629,-0.562414,0.423325,10.2337,0.0624141,-0.423325
8.4,8.14764,-0.567398,0.457105,10.2524,0.0673981,-0.457105
8.42,8.149,-0.572382,0.490884,10.271,0.072382,-0.490884
8.44,8.15035,-0.577366,0.524664,10.2897,0.077366,-0.524664
8.46,8.1517,-0.58235,0.558444,10.3083,0.0823499,-0.558444
8.48,8.15305,-0.587334,0.592224,10.3269,0.0873339,-0.592224
8.5,8.1544,-0.592318,0.626004,10.3456,0.0923179,-0.626004
8.52,8.15575,-0.597302,0.659783,10.3642,0.0973018,-0.659783
8.54,8.15711,-0.602286,0.693563,10.3829,0.102286,-0.693563
8.56,8.15846,-0.60727,0.727343,10.4015,0.10727,-0.727343
8.58,8.15981,-0.612254,0.761123,10.4202,0.112254,-0.761123
8.6,8.16116,-0.617238,0.794902,10.4388,0.117238,-0.794902
8.62,8.16251,-0.622222,0.828682,10.4575,0.122222,-0.828682
8.64,8.16387,-0.627206,0.862462,10.4761,0.127206,-0.862462
8.66,8.16522,-0.63219,0.896242,10.4948,0.13219,-0.896242
8.68,8.16657,-0.637174,0.930022,10.5134,0.137174,-0.930022
8.7,8.16792,-0.642157,0.963801,10.5321,0.142157,-0.963801
8.72,8.16927,-0.647141,0.997581,10.5507,0.147141,-0.997581
8.74,8.17062,-0.652125,1.03136,10.5694,0.152125,-1.03136
8.76,8.17198,-0.657109,1.06514,10.588,0.157109,-1.06514
8.78,8.17333,-0.662093,1.09892,10.6067,0.162093,-1.09892
8.8,8.17468,-0.667077,1.1327,10.6253,0.167077,-1.1327
8.82,8.17603,-0.672061,1.16648,10.644,0.172061,-1.16648
8.84,8.17738,-0.677045,1.20026,10.6626,0.177045,-1.20026
8.86,8.17874,-0.682029,1.23404,10.6813,0.182029,-1.23404
8.88,8.18009,-0.687013,1.26782,10.6999,0.187013,-1.26782
8.9,8.18144,-0.691997,1.3016,10.7186,0.191997,-1.3016
8.92,8.18279,-0.696981,1.33538,10.7372,0.196981,-1.33538
8.94,8.18414,-0.701965,1.36916,10.7559,0.201965,-1.36916
8.96,8.1855,-0.706949,1.40294,10.7745,0.206949,-1.40294
8.98,8.18685,-0.711933,1.43672,10.7932,0.211933,-1.43672
9,8.1882,-0.716917,1.4705,10.8118,0.216917,-1.4705
9.02,8.18955,-0.721901,1.50428,10.8304,0.221901,-1.50428
9.04,8.1909,-0.726885,1.53806,10.8491,0.226885,-1.53806
9.06,8.19225,-0.731869,1.57184,10.8677,0.231869,-1.57184
9.08,8.19361,-0.736853,1.60562,10.8864,0.236853,-1.60562
9.1,8.19496,-0.741837,1.6394,10.905,0.241837,-1.6394
9.12,8.19631,-0.746821,1.67318,10.9237,0.246821,-1.67318
9.14,8.19766,-0.751805,1.70696,10.9423,0.251805,-1.70696
9.16,8.19901,-0.756789,1.74074,10.961,0.256789,-1.74074
9.18,8.20037,-0.761772,1.77452,10.9796,0.261772,-1.77452
9.2,8.20172,-0.766756,1.8083,10.9983,0.266756,-1.8083
9.22,8.20307,-0.77174,1.84208,11.0169,0.27174,-1.84208
9.24,8.20442,-0.776724,1.87586,11.0356,0.276724,-1.87586
9.26,8.20577,-0.781708,1.90964,11.0542,0.281708,-1.90964
9.28,8.20713,-0.786692,1.94341,11.0729,0.286692,-1.94341
9.3,8.20848,-0.791676,1.97719,11.0915,0.291676,-1.97719
9.32,8.20983,-0.79666,2.01097,11.1102,0.29666,-2.01097
9.34,8.21118,-0.801644,2.04475,11.1288,0.301644,-2.04475
9.36,8.21253,-0.806628,2.07853,11.1475,0.306628,-2.07853
9.38,8.21388,-0.811612,2.11231,11.1661,0.311612,-2.11231
9.4,8.21524,-0.816596,2.14609,11.1848,0.316596,-2.14609
9.42,8.21659,-0.82158,2.17987,11.2034,0.32158,-2.17987
9.44,8.21794,-0.826564,2.21365,11.2221,0.326564,-2.21365
9.46,8.21929,-0.831548,2.24743,11.2407,0.331548,-2.24743
9.48,8.22064,-0.836532,2.28121,11.2594,0.336532,-2.28121
9.5,8.222,-0.841516,2.31499,11.278,0.341516,-2.31499
9.52,8.22335,-0.8465,2.34877,11.2967,0.3465,-2.34877
9.54,8.2247,-0.851484,2.38255,11.3153,0.351484,-2.38255
9.56,8.22605,-0.856468,2.41633,11.3339,0.356468,-2.41633
9.58,8.2274,-0.861452,2.45011,11.3526,0.361452,-2.45011
9.6,8.22875,-0.866436,2.48389,11.3712,0.366436,-2.48389
9.62,8.23011,-0.87142,2.51767,11.3899,0.37142,-2.51767
9.64,8.23146,-0.876404,2.55145,11.4085,0.376404,-2.55145
9.66,8.23281,-0.881388,2.58523,11.4272,0.381388,-2.58523
9.68,8.23416,-0.886371,2.61901,11.4458,0.386371,-2.61901
9.7,8.23551,-0.891355,2.65279,11.4645,0.391355,-2.65279
9.72,8.23687,-0.896339,2.68657,11.4831,0.396339,-2.68657
9.74,8.23822,-0.901323,2.72035,11.5018,0.401323,-2.72035
9.76,8.23957,-0.906307,2.75413,11.5204,0.406307,-2.75413
9.78,8.24092,-0.911291,2.78791,11.5391,0.411291,-2.78791
9.8,8.24227,-0.916275,2.82169,11.5577,0.416275,-2.82169
9.82,8.24363,-0.921259,2.85547,11.5764,0.421259,-2.85547
9.84,8.24498,-0.926243,2.88925,11.595,0.426243,-2.88925
9.86,8.24633,-0.931227,2.92303,11.6137,0.431227,-2.92303
9.88,8.24768,-0.936211,2.95681,11.6323,0.436211,-2.95681
9.9,8.24903,-0.941195,2.99059,11.651,0.441195,-2.99059
9.92,8.25038,-0.946179,3.02437,11.6696,0.446179,-3.02437
9.94,8.25174,-0.951163,3.05815,11.6883,0.451163,-3.05815
9.96,8.25309,-0.956147,3.09193,11.7069,0.456147,-3.09193
9.98,8.25444,-0.961131,3.12571,11.7256,0.461131,-3.12571
10,8.25579,-0.966115,3.15949,11.7442,0.466115,-3.15949
10.02,8.25714,-0.971099,3.19327,11.7629,0.471099,-3.19327
10.04,8.2585,-0.976083,3.22705,11.7815,0.476083,-3.22705
10.06,8.25985,-0.981067,3.26083,11.8002,0.481067,-3.26083
10.08,8.2612,-0.986051,3.29461,11.8188,0.486051,-3.29461
10.1,8.26255,-0.991035,3.32839,11.8374,0.491035,-3.32839
10.12,8.2639,-0.996019,3.36217,11.8561,0.496019,-3.36217
10.14,8.26525,-1.001,3.39595,11.8747,0.501003,-3.39595
10.16,8.26661,-1.00599,3.42972,11.8934,0.505987,-3.42972
10.18,8.26796,-1.01097,3.4635,11.912,0.51097,-3.4635
10.2,8.26931,-1.01595,3.49728,11.9307,0.515954,-3.49728
10.22,8.27066,-1.02094,3.53106,11.9493,0.520938,-3.53106
10.24,8.27201,-1.02592,3.56484,11.968,0.525922,-3.56484
10.26,8.27337,-1.03091,3.59862,11.9866,0.530906,-3.59862
10.28,8.27472,-1.03589,3.6324,12.0053,0.53589,-3.6324
10.3,8.27607,-1.04087,3.66618,12.0239,0.540874,-3.66618
10.32,8.27742,-1.04586,3.69996,12.0426,0.545858,-3.69996
10.34,8.27877,-1.05084,3.73374,12.0612,0.550842,-3.73374
10.36,8.28013,-1.05583,3.76752,12.0799,0.555826,-3.76752
10.38,8.28148,-1.06081,3.8013,12.0985,0.56081,-3.8013
10.4,8.28283,-1.06579,3.83508,12.1172,0.565794,-3.83508
10.42,8.28418,-1.07078,3.86886,12.1358,0.570778,-3.86886
10.44,8.28553,-1.07576,3.90264,12.1545,0.575762,-3.90264
10.46,8.28688,-1.08075,3.93642,12.1731,0.580746,-3.93642
10.48,8.28824,-1.08573,3.9702,12.1918,0.58573,-3.9702
10.5,8.28959,-1.09071,4.00398,12.2104,0.590714,-4.00398
10.52,8.29094,-1.0957,4.03776,12.2291,0.595698,-4.03776
10.54,8.29229,-1.10068,4.07154,12.2477,0.600682,-4.07154
10.56,8.29364,-1.10567,4.10532,12.2664,0.605666,-4.10532
10.58,8.295,-1.11065,4.1391,12.285,0.61065,-4.1391
10.6,8.29635,-1.11563,4.17288,12.3037,0.615634,-4.17288
10.62,8.2977,-1.12062,4.20666,12.3223,0.620618,-4.20666
10.64,8.29905,-1.1256,4.24044,12.3409,0.625602,-4.24044
10.66,8.3004,-1.13059,4.27422,12.3596,0.630586,-4.27422
10.68,8.30176,-1.13557,4.308,12.3782,0.635569,-4.308
10.7,8.30311,-1.14055,4.34178,12.3969,0.640553,-4.34178
10.72,8.30446,-1.14554,4.37556,12.4155,0.645537,-4.37556
10.74,8.30581,-1.15052,4.40934,12.4342,0.650521,-4.40934
10.76,8.30716,-1.15551,4.44312,12.4528,0.655505,-4.44312
10.78,8.30851,-1.16049,4.4769,12.4715,0.660489,-4.4769
10.8,8.30987,-1.16547,4.51068,12.4901,0.665473,-4.51068
10.82,8.31122,-1.17046,4.54446,12.5088,0.670457,-4.54446
10.84,8.31257,-1.17544,4.57824,12.5274,0.675441,-4.57824
10.86,8.31392,-1.18043,4.61202,12.5461,0.680425,-4.61202
10.88,8.31527,-1.18541,4.6458,12.5647,0.685409,-4.6458
10.9,8.31663,-1.19039,4.67958,12.5834,0.690393,-4.67958
10.92,8.31798,-1.19538,4.71336,12.602,0.695377,-4.71336
10.94,8.31933,-1.20036,4.74714,12.6207,0.700361,-4.74714
10.96,8.32068,-1.20534,4.78092,12.6393,0.705345,-4.78092
10.98,8.32203,-1.21033,4.8147,12.658,0.710329,-4.8147
11,8.32338,-1.21531,4.84848,12.6766,0.715313,-4.84848
11.02,8.32474,-1.2203,4.88226,12.6953,0.720297,-4.88226
11.04,8.32609,-1.22528,4.91604,12.7139,0.725281,-4.91604
11.06,8.32744,-1.23026,4.94981,12.7326,0.730265,-4.94981
11.08,8.32879,-1.23525,4.98359,12.7512,0.735249,-4.98359
11.1,8.33014,-1.24023,5.01737,12.7699,0.740233,-5.01737
11.12,8.3315,-1.24522,5.05115,12.7885,0.745217,-5.05115
11.14,8.33285,-1.2502,5.08493,12.8072,0.750201,-5.08493
11.16,8.3342,-1.25518,5.11871,12.8258,0.755184,-5.11871
11.18,8.33555,-1.26017,5.15249,12.8444,0.760168,-5.15249
11.2,8.3369,-1.26515,5.18627,12.8631,0.765152,-5.18627
11.22,8.33826,-1.27014,5.22005,12.8817,0.770136,-5.22005
11.24,8.33961,-1.27512,5.25383,12.9004,0.77512,-5.25383
11.26,8.34096,-1.2801,5.28761,12.919,0.780104,-5.28761
11.28,8.34231,-1.28509,5.32139,12.9377,0.785088,-5.32139
11.3,8.34366,-1.29007,5.35517,12.9563,0.790072,-5.35517
11.32,8.34501,-1.29506,5.38895,12.975,0.795056,-5.38895
11.34,8.34637,-1.30004,5.42273,12.9936,0.80004,-5.42273
11.36,8.34772,-1.30502,5.45651,13.0123,0.805024,-5.45651
11.38,8.34907,-1.31001,5.49029,13.0309,0.810008,-5.49029
11.4,8.35042,-1.31499,5.52407,13.0496,0.814992,-5.52407
11.42,8.35177,-1.31998,5.55785,13.0682,0.819976,-5.55785
11.44,8.35313,-1.32496,5.59163,13.0869,0.82496,-5.59163
11.46,8.35448,-1.32994,5.62541,13.1055,0.829944,-5.62541
11.48,8.35583,-1.33493,5.65919,13.1242,0.834928,-5.65919
11.5,8.35718,-1.33991,5.69297,13.1428,0.839912,-5.69297
11.52,8.35853,-1.3449,5.72675,13.1615,0.844896,-5.72675
11.54,8.35989,-1.34988,5.76053,13.1801,0.84988,-5.76053
11.56,8.36124,-1.35486,5.79431,13.1988,0.854864,-5.79431
11.58,8.36259,-1.35985,5.82809,13.2174,0.859848,-5.82809
11.6,8.36394,-1.36483,5.86187,13.2361,0.864832,-5.86187
11.62,8.36529,-1.36982,5.89565,13.2547,0.869816,-5.89565
11.64,8.36664,-1.3748,5.92943,13.2734,0.8748,-5.92943
11.66,8.368,-1.37978,5.96321,13.292,0.879783,-5.96321
11.68,8.36935,-1.38477,5.99699,13.3107,0.884767,-5.99699
11.7,8.3707,-1.38975,6.03077,13.3293,0.889751,-6.03077
11.72,8.37205,-1.39474,6.06455,13.3479,0.894735,-6.06455
11.74,8.3734,-1.39972,6.09833,13.3666,0.899719,-6.09833
11.76,8.37476,-1.4047,6.13211,13.3852,0.904703,-6.13211
11.78,8.37611,-1.40969,6.16589,13.4039,0.909687,-6.16589
11.8,8.37746,-1.41467,6.19967,13.4225,0.914671,-6.19967
11.82,8.37881,-1.41966,6.23345,13.4412,0.919655,-6.23345
11.84,8.38016,-1.42464,6.26723,13.4598,0.924639,-6.26723
11.86,8.38151,-1.42962,6.30101,13.4785,0.929623,-6.30101
11.88,8.38287,-1.43461,6.33479,13.4971,0.934607,-6.33479
11.9,8.38422,-1.43959,6.36857,13.5158,0.939591,-6.36857
11.92,8.38557,-1.44457,6.40235,13.5344,0.944575,-6.40235
11.94,8.38692,-1.44956,6.43613,13.5531,0.949559,-6.43613
11.96,8.38827,-1.45454,6.4699,13.5717,0.954543,-6.4699
11.98,8.38963,-1.45953,6.50368,13.5904,0.959527,-6.50368
12,8.39098,-1.46451,6.53746,13.609,0.964511,-6.53746
12.02,8.39233,-1.46949,6.57124,13.6277,0.969495,-6.57124
12.04,8.39368,-1.47448,6.60502,13.6463,0.974479,-6.60502
12.06,8.39503,-1.47946,6.6388,13.665,0.979463,-6.6388
12.08,8.39639,-1.48445,6.67258,13.6836,0.984447,-6.67258
12.1,8.39774,-1.48943,6.70636,13.7023,0.989431,-6.70636
12.12,8.39909,-1.49441,6.74014,13.7209,0.994415,-6.74014
12.14,8.40044,-1.4994,6.77392,13.7396,0.999399,-6.77392
12.16,8.40179,-1.50438,6.8077,13.7582,1.00438,-6.8077
12.18,8.40314,-1.50937,6.84148,13.7769,1.00937,-6.84148
12.2,8.4045,-1.51435,6.87526,13.7955,1.01435,-6.87526
12.22,8.40585,-1.51933,6.90904,13.8142,1.01933,-6.90904
12.24,8.4072,-1.52432,6.94282,13.8328,1.02432,-6.94282
12.26,8.40855,-1.5293,6.9766,13.8514,1.0293,-6.9766
12.28,8.4099,-1.53429,7.01038,13.8701,1.03429,-7.01038
12.3,8.41126,-1.53927,7.04416,13.8887,1.03927,-7.04416
12.32,8.41261,-1.54425,7.07794,13.9074,1.04425,-7.07794
12.34,8.41396,-1.54924,7.11172,13.926,1.04924,-7.11172
12.36,8.41531,-1.55422,7.1455,13.9447,1.05422,-7.1455
12.38,8.41666,-1.55921,7.17928,13.9633,1.05921,-7.17928
12.4,8.41801,-1.56419,7.21306,13.982,1.06419,-7.21306
12.42,8.41937,-1.56917,7.24684,14.0006,1.06917,-7.24684
12.44,8.42072,-1.57416,7.28062,14.0193,1.07416,-7.28062
12.46,8.42207,-1.57914,7.3144,14.0379,1.07914,-7.3144
12.48,8.42342,-1.58413,7.34818,14.0566,1.08413,-7.34818
12.5,8.42477,-1.58911,7.38196,14.0752,1.08911,-7.38196
12.52,8.42613,-1.59409,7.41574,14.0939,1.09409,-7.41574
12.54,8.42748,-1.59908,7.44952,14.1125,1.09908,-7.44952
12.56,8.42883,-1.60406,7.4833,14.1312,1.10406,-7.4833
12.58,8.43018,-1.60905,7.51708,14.1498,1.10905,-7.51708
12.6,8.43153,-1.61403,7.55086,14.1685,1.11403,-7.55086
12.62,8.43289,-1.61901,7.58464,14.1871,1.11901,-7.58464
12.64,8.43424,-1.624,7.61842,14.2058,1.124,-7.61842
12.66,8.43559,-1.62898,7.6522,14.2244,1.12898,-7.6522
12.68,8.43694,-1.63397,7.68598,14.2431,1.13397,-7.68598
12.7,8.43829,-1.63895,7.71976,14.2617,1.13895,-7.71976
12.72,8.43964,-1.64393,7.75354,14.2804,1.14393,-7.75354
12.74,8.441,-1.64892,7.78732,14.299,1.14892,-7.78732
12.76,8.44235,-1.6539,7.8211,14.3177,1.1539,-7.8211
12.78,8.4437,-1.65889,7.85488,14.3363,1.15889,-7.85488
12.8,8.44505,-1.66387,7.88866,14.3549,1.16387,-7.88866
12.82,8.4464,-1.66885,7.92244,14.3736,1.16885,-7.92244
12.84,8.44776,-1.67384,7.95621,14.3922,1.17384,-7.95621
12.86,8.44911,-1.67882,7.98999,14.4109,1.17882,-7.98999
12.88,8.45046,-1.68381,8.02377,14.4295,1.18381,-8.02377
12.9,8.45181,-1.68879,8.05755,14.4482,1.18879,-8.05755
12.92,8.45316,-1.69377,8.09133,14.4668,1.19377,-8.09133
12.94,8.45452,-1.69876,8.12511,14.4855,1.19876,-8.12511
12.96,8.45587,-1.70374,8.15889,14.5041,1.20374,-8.15889
12.98,8.45722,-1.70872,8.19267,14.5228,1.20872,-8.19267
13,8.45857,-1.71371,8.22645,14.5414,1.21371,-8.22645
13.02,8.45992,-1.71869,8.26023,14.5601,1.21869,-8.26023
13.04,8.46127,-1.72368,8.29401,14.5787,1.22368,-8.29401
13.06,8.46263,-1.72866,8.32779,14.5974,1.22866,-8.32779
13.08,8.46398,-1.73364,8.36157,14.616,1.23364,-8.36157
13.1,8.46533,-1.73863,8.39535,14.6347,1.23863,-8.39535
13.12,8.46668,-1.74361,8.42913,14.6533,1.24361,-8.42913
13.14,8.46803,-1.7486,8.46291,14.672,1.2486,-8.46291
13.16,8.46939,-1.75358,8.49669,14.6906,1.25358,-8.49669
13.18,8.47074,-1.75856,8.53047,14.7093,1.25856,-8.53047
13.2,8.47209,-1.76355,8.56425,14.7279,1.26355,-8.56425
13.22,8.47344,-1.76853,8.59803,14.7466,1.26853,-8.59803
13.24,8.47479,-1.77352,8.63181,14.7652,1.27352,-8.63181
13.26,8.47614,-1.7785,8.66559,14.7839,1.2785,-8.66559
13.28,8.4775,-1.78348,8.69937,14.8025,1.28348,-8.69937
13.3,8.47885,-1.78847,8.73315,14.8212,1.28847,-8.73315
13.32,8.4802,-1.79345,8.76693,14.8398,1.29345,-8.76693
13.34,8.48155,-1.79844,8.80071,14.8584,1.29844,-8.80071
13.36,8.4829,-1.80342,8.83449,14.8771,1.30342,-8.83449
13.38,8.48426,-1.8084,8.86827,14.8957,1.3084,-8.86827
13.4,8.48561,-1.81339,8.90205,14.9144,1.31339,-8.90205
13.42,8.48696,-1.81837,8.93583,14.933,1.31837,-8.93583
13.44,8.48831,-1.82336,8.96961,14.9517,1.32336,-8.96961
13.46,8.48966,-1.82834,9.00339,14.9703,1.32834,-9.00339
13.48,8.49102,-1.83332,9.03717,14.989,1.33332,-9.03717
13.5,8.49237,-1.83831,9.07095,15.0076,1.33831,-9.07095
13.52,8.49372,-1.84329,9.10473,15.0263,1.34329,-9.10473
13.54,8.49507,-1.84828,9.13851,15.0449,1.34828,-9.13851
13.56,8.49642,-1.85326,9.17229,15.0636,1.35326,-9.17229
13.58,8.49777,-1.85824,9.20607,15.0822,1.35824,-9.20607
13.6,8.49913,-1.86323,9.23985,15.1009,1.36323,-9.23985
13.62,8.50048,-1.86821,9.27363,15.1195,1.36821,-9.27363
13.64,8.50183,-1.8732,9.30741,15.1382,1.3732,-9.30741
13.66,8.50318,-1.87818,9.34119,15.1568,1.37818,-9.34119
13.68,8.50453,-1.88316,9.37497,15.1755,1.38316,-9.37497
13.7,8.50589,-1.88815,9.40875,15.1941,1.38815,-9.40875
13.72,8.50724,-1.89313,9.44253,15.2128,1.39313,-9.44253
13.74,8.50859,-1.89812,9.4763,15.2314,1.39812,-9.4763
13.76,8.50994,-1.9031,9.51008,15.2501,1.4031,-9.51008
13.78,8.51129,-1.90808,9.54386,15.2687,1.40808,-9.54386
13.8,8.51265,-1.91307,9.57764,15.2874,1.41307,-9.57764
13.82,8.514,-1.91805,9.61142,15.306,1.41805,-9.61142
13.84,8.51535,-1.92304,9.6452,15.3247,1.42304,-9.6452
13.86,8.5167,-1.92802,9.67898,15.3433,1.42802,-9.67898
13.88,8.51805,-1.933,9.71276,15.3619,1.433,-9.71276
13.9,8.5194,-1.93799,9.74654,15.3806,1.43799,-9.74654
13.92,8.52076,-1.94297,9.78032,15.3992,1.44297,-9.78032
13.94,8.52211,-1.94795,9.8141,15.4179,1.44795,-9.8141
13.96,8.52346,-1.95294,9.84788,15.4365,1.45294,-9.84788
13.98,8.52481,-1.95792,9.88166,15.4552,1.45792,-9.88166
14,8.52616,-1.96291,9.91544,15.4738,1.46291,-9.91544
14.02,8.52752,-1.96789,9.94922,15.4925,1.46789,-9.94922
14.04,8.52887,-1.97287,9.983,15.5111,1.47287,-9.983
14.06,8.53022,-1.97786,10.0168,15.5298,1.47786,-10.0168
14.08,8.53157,-1.98284,10.0506,15.5484,1.48284,-10.0506
14.1,8.53292,-1.98783,10.0843,15.5671,1.48783,-10.0843
14.12,8.53427,-1.99281,10.1181,15.5857,1.49281,-10.1181
14.14,8.53563,-1.99779,10.1519,15.6044,1.49779,-10.1519
14.16,8.53698,-2.00278,10.1857,15.623,1.50278,-10.1857
14.18,8.53833,-2.00776,10.2195,15.6417,1.50776,-10.2195
14.2,8.53968,-2.01275,10.2532,15.6603,1.51275,-10.2532
14.22,8.54103,-2.01773,10.287,15.679,1.51773,-10.287
14.24,8.54239,-2.02271,10.3208,15.6976,1.52271,-10.3208
14.26,8.54374,-2.0277,10.3546,15.7163,1.5277,-10.3546
14.28,8.54509,-2.03268,10.3884,15.7349,1.53268,-10.3884
14.3,8.54644,-2.03767,10.4221,15.7536,1.53767,-10.4221
14.32,8.54779,-2.04265,10.4559,15.7722,1.54265,-10.4559
14.34,8.54915,-2.04763,10.4897,15.7909,1.54763,-10.4897
14.36,8.5505,-2.05262,10.5235,15.8095,1.55262,-10.5235
14.38,8.55185,-2.0576,10.5573,15.8282,1.5576,-10.5573
14.4,8.5532,-2.06259,10.591,15.8468,1.56259,-10.591
14.42,8.55455,-2.06757,10.6248,15.8654,1.56757,-10.6248
14.44,8.5559,-2.07255,10.6586,15.8841,1.57255,-10.6586
14.46,8.55726,-2.07754,10.6924,15.9027,1.57754,-10.6924
14.48,8.55861,-2.08252,10.7262,15.9214,1.58252,-10.7262
14.5,8.55996,-2.08751,10.7599,15.94,1.58751,-10.7599
14.52,8.56131,-2.09249,10.7937,15.9587,1.59249,-10.7937
14.54,8.56266,-2.09747,10.8275,15.9773,1.59747,-10.8275
14.56,8.56402,-2.10246,10.8613,15.996,1.60246,-10.8613
14.58,8.56537,-2.10744,10.8951,16.0146,1.60744,-10.8951
14.6,8.56672,-2.11243,10.9288,16.0333,1.61243,-10.9288
14.62,8.56807,-2.11741,10.9626,16.0519,1.61741,-10.9626
14.64,8.56942,-2.12239,10.9964,16.0706,1.62239,-10.9964
14.66,8.57078,-2.12738,11.0302,16.0892,1.62738,-11.0302
14.68,8.57213,-2.13236,11.064,16.1079,1.63236,-11.064
14.7,8.57348,-2.13735,11.0977,16.1265,1.63735,-11.0977
14.72,8.57483,-2.14233,11.1315,16.1452,1.64233,-11.1315
14.74,8.57618,-2.14731,11.1653,16.1638,1.64731,-11.1653
14.76,8.57753,-2.1523,11.1991,16.1825,1.6523,-11.1991
14.78,8.57889,-2.15728,11.2329,16.2011,1.65728,-11.2329
14.8,8.58024,-2.16227,11.2666,16.2198,1.66227,-11.2666
14.82,8.58159,-2.16725,11.3004,16.2384,1.66725,-11.3004
14.84,8.58294,-2.17223,11.3342,16.2571,1.67223,-11.3342
14.86,8.58429,-2.17722,11.368,16.2757,1.67722,-11.368
14.88,8.58565,-2.1822,11.4018,16.2944,1.6822,-11.4018
14.9,8.587,-2.18718,11.4355,16.313,1.68718,-11.4355
14.92,8.58835,-2.19217,11.4693,16.3317,1.69217,-11.4693
14.94,8.5897,-2.19715,11.5031,16.3503,1.69715,-11.5031
14.96,8.59105,-2.20214,11.5369,16.3689,1.70214,-11.5369
14.98,8.5924,-2.20712,11.5707,16.3876,1.70712,-11.5707
15,8.59376,-2.2121,11.6044,16.4062,1.7121,-11.6044
15.02,8.59511,-2.21709,11.6382,16.4249,1.71709,-11.6382
15.04,8.59646,-2.22207,11.672,16.4435,1.72207,-11.672
15.06,8.59781,-2.22706,11.7058,16.4622,1.72706,-11.7058
15.08,8.59916,-2.23204,11.7395,16.4808,1.73204,-11.7395
15.1,8.60052,-2.23702,11.7733,16.4995,1.73702,-11.7733
15.12,8.60187,-2.24201,11.8071,16.5181,1.74201,-11.8071
15.14,8.60322,-2.24699,11.8409,16.5368,1.74699,-11.8409
15.16,8.60457,-2.25198,11.8747,16.5554,1.75198,-11.8747
15.18,8.60592,-2.25696,11.9084,16.5741,1.75696,-11.9084
15.2,8.60728,-2.26194,11.9422,16.5927,1.76194,-11.9422
15.22,8.60863,-2.26693,11.976,16.6114,1.76693,-11.976
15.24,8.60998,-2.27191,12.0098,16.63,1.77191,-12.0098
15.26,8.61133,-2.2769,12.0436,16.6487,1.7769,-12.0436
15.28,8.61268,-2.28188,12.0773,16.6673,1.78188,-12.0773
15.3,8.61403,-2.28686,12.1111,16.686,1.78686,-12.1111
15.32,8.61539,-2.29185,12.1449,16.7046,1.79185,-12.1449
15.34,8.61674,-2.29683,12.1787,16.7233,1.79683,-12.1787
15.36,8.61809,-2.30182,12.2125,16.7419,1.80182,-12.2125
15.38,8.61944,-2.3068,12.2462,16.7606,1.8068,-12.2462
15.4,8.62079,-2.31178,12.28,16.7792,1.81178,-12.28
15.42,8.62215,-2.31677,12.3138,16.7979,1.81677,-12.3138
15.44,8.6235,-2.32175,12.3476,16.8165,1.82175,-12.3476
15.46,8.62485,-2.32674,12.3814,16.8352,1.82674,-12.3814
15.48,8.6262,-2.33172,12.4151,16.8538,1.83172,-12.4151
15.5,8.62755,-2.3367,12.4489,16.8724,1.8367,-12.4489
15.52,8.6289,-2.34169,12.4827,16.8911,1.84169,-12.4827
15.54,8.63026,-2.34667,12.5165,16.9097,1.84667,-12.5165
15.56,8.63161,-2.35166,12.5503,16.9284,1.85166,-12.5503
15.58,8.63296,-2.35664,12.584,16.947,1.85664,-12.584
15.6,8.63431,-2.36162,12.6178,16.9657,1.86162,-12.6178
15.62,8.63566,-2.36661,12.6516,16.9843,1.86661,-12.6516
15.64,8.63702,-2.37159,12.6854,17.003,1.87159,-12.6854
15.66,8.63837,-2.37658,12.7192,17.0216,1.87658,-12.7192
15.68,8.63972,-2.38156,12.7529,17.0403,1.88156,-12.7529
15.7,8.64107,-2.38654,12.7867,17.0589,1.88654,-12.7867
15.72,8.64242,-2.39153,12.8205,17.0776,1.89153,-12.8205
15.74,8.64378,-2.39651,12.8543,17.0962,1.89651,-12.8543
15.76,8.64513,-2.4015,12.8881,17.1149,1.9015,-12.8881
15.78,8.64648,-2.40648,12.9218,17.1335,1.90648,-12.9218
15.8,8.64783,-2.41146,12.9556,17.1522,1.91146,-12.9556
15.82,8.64918,-2.41645,12.9894,17.1708,1.91645,-12.9894
15.84,8.65053,-2.42143,13.0232,17.1895,1.92143,-13.0232
15.86,8.65189,-2.42641,13.057,17.2081,1.92641,-13.057
15.88,8.65324,-2.4314,13.0907,17.2268,1.9314,-13.0907
15.9,8.65459,-2.43638,13.1245,17.2454,1.93638,-13.1245
15.92,8.65594,-2.44137,13.1583,17.2641,1.94137,-13.1583
15.94,8.65729,-2.44635,13.1921,17.2827,1.94635,-13.1921
15.96,8.65865,-2.45133,13.2259,17.3014,1.95133,-13.2259
15.98,8.66,-2.45632,13.2596,17.32,1.95632,-13.2596
16,8.66135,-2.4613,13.2934,17.3387,1.9613,-13.2934
16.02,8.6627,-2.46629,13.3272,17.3573,1.96629,-13.3272
16.04,8.66405,-2.47127,13.361,17.3759,1.97127,-13.361
16.06,8.66541,-2.47625,13.3948,17.3946,1.97625,-13.3948
16.08,8.66676,-2.48124,13.4285,17.4132,1.98124,-13.4285
16.1,8.66811,-2.48622,13.4623,17.4319,1.98622,-13.4623
16.12,8.66946,-2.49121,13.4961,17.4505,1.99121,-13.4961
16.14,8.67081,-2.49619,13.5299,17.4692,1.99619,-13.5299
16.16,8.67216,-2.50117,13.5637,17.4878,2.00117,-13.5637
16.18,8.67352,-2.50616,13.5974,17.5065,2.00616,-13.5974
16.2,8.67487,-2.51114,13.6312,17.5251,2.01114,-13.6312
16.22,8.67622,-2.51613,13.665,17.5438,2.01613,-13.665
16.24,8.67757,-2.52111,13.6988,17.5624,2.02111,-13.6988
16.26,8.67892,-2.52609,13.7326,17.5811,2.02609,-13.7326
16.28,8.68028,-2.53108,13.7663,17.5997,2.03108,-13.7663
16.3,8.68163,-2.53606,13.8001,17.6184,2.03606,-13.8001
16.32,8.68298,-2.54105,13.8339,17.637,2.04105,-13.8339
16.34,8.68433,-2.54603,13.8677,17.6557,2.04603,-13.8677
16.36,8.68568,-2.55101,13.9015,17.6743,2.05101,-13.9015
16.38,8.68703,-2.556,13.9352,17.693,2.056,-13.9352
16.4,8.68839,-2.56098,13.969,17.7116,2.06098,-13.969
16.42,8.68974,-2.56597,14.0028,17.7303,2.06597,-14.0028
16.44,8.69109,-2.57095,14.0366,17.7489,2.07095,-14.0366
16.46,8.69244,-2.57593,14.0704,17.7676,2.07593,-14.0704
16.48,8.69379,-2.58092,14.1041,17.7862,2.08092,-14.1041
16.5,8.69515,-2.5859,14.1379,17.8049,2.0859,-14.1379
16.52,8.6965,-2.59089,14.1717,17.8235,2.09089,-14.1717
16.54,8.69785,-2.59587,14.2055,17.8422,2.09587,-14.2055
16.56,8.6992,-2.60085,14.2393,17.8608,2.10085,-14.2393
16.58,8.70055,-2.60584,14.273,17.8794,2.10584,-14.273
16.6,8.70191,-2.61082,14.3068,17.8981,2.11082,-14.3068
16.62,8.70326,-2.61581,14.3406,17.9167,2.11581,-14.3406
16.64,8.70461,-2.62079,14.3744,17.9354,2.12079,-14.3744
16.66,8.70596,-2.62577,14.4082,17.954,2.12577,-14.4082
16.68,8.70731,-2.63076,14.4419,17.9727,2.13076,-14.4419
16.7,8.70866,-2.63574,14.4757,17.9913,2.13574,-14.4757
16.72,8.71002,-2.64073,14.5095,18.01,2.14073,-14.5095
16.74,8.71137,-2.64571,14.5433,18.0286,2.14571,-14.5433
16.76,8.71272,-2.65069,14.5771,18.0473,2.15069,-14.5771
16.78,8.71407,-2.65568,14.6108,18.0659,2.15568,-14.6108
16.8,8.71542,-2.66066,14.6446,18.0846,2.16066,-14.6446
16.82,8.71678,-2.66565,14.6784,18.1032,2.16565,-14.6784
16.84,8.71813,-2.67063,14.7122,18.1219,2.17063,-14.7122
16.86,8.71948,-2.67561,14.7459,18.1405,2.17561,-14.7459
16.88,8.72083,-2.6806,14.7797,18.1592,2.1806,-14.7797
16.9,8.72218,-2.68558,14.8135,18.1778,2.18558,-14.8135
16.92,8.72354,-2.69056,14.8473,18.1965,2.19056,-14.8473
16.94,8.72489,-2.69555,14.8811,18.2151,2.19555,-14.8811
16.96,8.72624,-2.70053,14.9148,18.2338,2.20053,-14.9148
16.98,8.72759,-2.70552,14.9486,18.2524,2.20552,-14.9486
17,8.72894,-2.7105,14.9824,18.2711,2.2105,-14.9824
17.02,8.73029,-2.71548,15.0162,18.2897,2.21548,-15.0162
17.04,8.73165,-2.72047,15.05,18.3084,2.22047,-15.05
17.06,8.733,-2.72545,15.0837,18.327,2.22545,-15.0837
17.08,8.73435,-2.73044,15.1175,18.3457,2.23044,-15.1175
17.1,8.7357,-2.73542,15.1513,18.3643,2.23542,-15.1513
17.12,8.73705,-2.7404,15.1851,18.3829,2.2404,-15.1851
17.14,8.73841,-2.74539,15.2189,18.4016,2.24539,-15.2189
17.16,8.73976,-2.75037,15.2526,18.4202,2.25037,-15.2526
17.18,8.74111,-2.75536,15.2864,18.4389,2.25536,-15.2864
17.2,8.74246,-2.76034,15.3202,18.4575,2.26034,-15.3202
17.22,8.74381,-2.76532,15.354,18.4762,2.26532,-15.354
17.24,8.74516,-2.77031,15.3878,18.4948,2.27031,-15.3878
17.26,8.74652,-2.77529,15.4215,18.5135,2.27529,-15.4215
17.28,8.74787,-2.78028,15.4553,18.5321,2.28028,-15.4553
17.3,8.74922,-2.78526,15.4891,18.5508,2.28526,-15.4891
17.32,8.75057,-2.79024,15.5229,18.5694,2.29024,-15.5229
17.34,8.75192,-2.79523,15.5567,18.5881,2.29523,-15.5567
17.36,8.75328,-2.80021,15.5904,18.6067,2.30021,-15.5904
17.38,8.75463,-2.8052,15.6242,18.6254,2.3052,-15.6242
17.4,8.75598,-2.81018,15.658,18.644,2.31018,-15.658
17.42,8.75733,-2.81516,15.6918,18.6627,2.31516,-15.6918
17.44,8.75868,-2.82015,15.7256,18.6813,2.32015,-15.7256
17.46,8.76004,-2.82513,15.7593,18.7,2.32513,-15.7593
17.48,8.76139,-2.83012,15.7931,18.7186,2.33012,-15.7931
17.5,8.76274,-2.8351,15.8269,18.7373,2.3351,-15.8269
17.52,8.76409,-2.84008,15.8607,18.7559,2.34008,-15.8607
17.54,8.76544,-2.84507,15.8945,18.7746,2.34507,-15.8945
17.56,8.76679,-2.85005,15.9282,18.7932,2.35005,-15.9282
17.58,8.76815,-2.85504,15.962,18.8119,2.35504,-15.962
17.6,8.7695,-2.86002,15.9958,18.8305,2.36002,-15.9958
17.62,8.77085,-2.865,16.0296,18.8491,2.365,-16.0296
17.64,8.7722,-2.86999,16.0634,18.8678,2.36999,-16.0634
17.66,8.77355,-2.87497,16.0971,18.8864,2.37497,-16.0971
17.68,8.77491,-2.87996,16.1309,18.9051,2.37996,-16.1309
17.7,8.77626,-2.88494,16.1647,18.9237,2.38494,-16.1647
17.72,8.77761,-2.88992,16.1985,18.9424,2.38992,-16.1985
17.74,8.77896,-2.89491,16.2323,18.961,2.39491,-16.2323
17.76,8.78031,-2.89989,16.266,18.9797,2.39989,-16.266
17.78,8.78166,-2.90488,16.2998,18.9983,2.40488,-16.2998
17.8,8.78302,-2.90986,16.3336,19.017,2.40986,-16.3336
17.82,8.78437,-2.91484,16.3674,19.0356,2.41484,-16.3674
17.84,8.78572,-2.91983,16.4012,19.0543,2.41983,-16.4012
17.86,8.78707,-2.92481,16.4349,19.0729,2.42481,-16.4349
17.88,8.78842,-2.92979,16.4687,19.0916,2.42979,-16.4687
17.9,8.78978,-2.93478,16.5025,19.1102,2.43478,-16.5025
17.92,8.79113,-2.93976,16.5363,19.1289,2.43976,-16.5363
17.94,8.79248,-2.94475,16.5701,19.1475,2.44475,-16.5701
17.96,8.79383,-2.94973,16.6038,19.1662,2.44973,-16.6038
17.98,8.79518,-2.95471,16.6376,19.1848,2.45471,-16.6376
18,8.79654,-2.9597,16.6714,19.2035,2.4597,-16.6714
18.02,8.79789,-2.96468,16.7052,19.2221,2.46468,-16.7052
18.04,8.79924,-2.96967,16.739,19.2408,2.46967,-16.739
18.06,8.80059,-2.97465,16.7727,19.2594,2.47465,-16.7727
18.08,8.80194,-2.97963,16.8065,19.2781,2.47963,-16.8065
18.1,8.80329,-2.98462,16.8403,19.2967,2.48462,-16.8403
18.12,8.80465,-2.9896,16.8741,19.3154,2.4896,-16.8741
18.14,8.806,-2.99459,16.9079,19.334,2.49459,-16.9079
18.16,8.80735,-2.99957,16.9416,19.3526,2.49957,-16.9416
18.18,8.8087,-3.00455,16.9754,19.3713,2.50455,-16.9754
18.2,8.81005,-3.00954,17.0092,19.3899,2.50954,-17.0092
18.22,8.81141,-3.01452,17.043,19.4086,2.51452,-17.043
18.24,8.81276,-3.01951,17.0768,19.4272,2.51951,-17.0768
18.26,8.81411,-3.02449,17.1105,19.4459,2.52449,-17.1105
18.28,8.81546,-3.02947,17.1443,19.4645,2.52947,-17.1443
18.3,8.81681,-3.03446,17.1781,19.4832,2.53446,-17.1781
18.32,8.81817,-3.03944,17.2119,19.5018,2.53944,-17.2119
18.34,8.81952,-3.04443,17.2457,19.5205,2.54443,-17.2457
18.36,8.82087,-3.04941,17.2794,19.5391,2.54941,-17.2794
18.38,8.82222,-3.05439,17.3132,19.5578,2.55439,-17.3132
18.4,8.82357,-3.05938,17.347,19.5764,2.55938,-17.347
18.42,8.82492,-3.06436,17.3808,19.5951,2.56436,-17.3808
18.44,8.82628,-3.06935,17.4146,19.6137,2.56935,-17.4146
18.46,8.82763,-3.07433,17.4483,19.6324,2.57433,-17.4483
18.48,8.82898,-3.07931,17.4821,19.651,2.57931,-17.4821
18.5,8.83033,-3.0843,17.5159,19.6697,2.5843,-17.5159
18.52,8.83168,-3.08928,17.5497,19.6883,2.58928,-17.5497
18.54,8.83304,-3.09427,17.5835,19.707,2.59427,-17.5835
18.56,8.83439,-3.09925,17.6172,19.7256,2.59925,-17.6172
18.58,8.83574,-3.10423,17.651,19.7443,2.60423,-17.651
18.6,8.83709,-3.10922,17.6848,19.7629,2.60922,-17.6848
18.62,8.83844,-3.1142,17.7186,19.7816,2.6142,-17.7186
18.64,8.83979,-3.11919,17.7523,19.8002,2.61919,-17.7523
18.66,8.84115,-3.12417,17.7861,19.8189,2.62417,-17.7861
18.68,8.8425,-3.12915,17.8199,19.8375,2.62915,-17.8199
18.7,8.84385,-3.13414,17.8537,19.8561,2.63414,-17.8537
18.72,8.8452,-3.13912,17.8875,19.8748,2.63912,-17.8875
18.74,8.84655,-3.14411,17.9212,19.8934,2.64411,-17.9212
18.76,8.84791,-3.14909,17.955,19.9121,2.64909,-17.955
18.78,8.84926,-3.15407,17.9888,19.9307,2.65407,-17.9888
18.8,8.85061,-3.15906,18.0226,19.9494,2.65906,-18.0226
18.82,8.85196,-3.16404,18.0564,19.968,2.66404,-18.0564
18.84,8.85331,-3.16902,18.0901,19.9867,2.66902,-18.0901
18.86,8.85467,-3.17401,18.1239,20.0053,2.67401,-18.1239
18.88,8.85602,-3.17899,18.1577,20.024,2.67899,-18.1577
18.9,8.85737,-3.18398,18.1915,20.0426,2.68398,-18.1915
18.92,8.85872,-3.18896,18.2253,20.0613,2.68896,-18.2253
18.94,8.86007,-3.19394,18.259,20.0799,2.69394,-18.259
18.96,8.86142,-3.19893,18.2928,20.0986,2.69893,-18.2928
18.98,8.86278,-3.20391,18.3266,20.1172,2.70391,-18.3266
19,8.86413,-3.2089,18.3604,20.1359,2.7089,-18.3604
19.02,8.86548,-3.21388,18.3942,20.1545,2.71388,-18.3942
19.04,8.86683,-3.21886,18.4279,20.1732,2.71886,-18.4279
19.06,8.86818,-3.22385,18.4617,20.1918,2.72385,-18.4617
19.08,8.86954,-3.22883,18.4955,20.2105,2.72883,-18.4955
19.1,8.87089,-3.23382,18.5293,20.2291,2.73382,-18.5293
19.12,8.87224,-3.2388,18.5631,20.2478,2.7388,-18.5631
19.14,8.87359,-3.24378,18.5968,20.2664,2.74378,-18.5968
19.16,8.87494,-3.24877,18.6306,20.2851,2.74877,-18.6306
19.18,8.8763,-3.25375,18.6644,20.3037,2.75375,-18.6644
19.2,8.87765,-3.25874,18.6982,20.3224,2.75874,-18.6982
19.22,8.879,-3.26372,18.732,20.341,2.76372,-18.732
19.24,8.88035,-3.2687,18.7657,20.3596,2.7687,-18.7657
19.26,8.8817,-3.27369,18.7995,20.3783,2.77369,-18.7995
19.28,8.88305,-3.27867,18.8333,20.3969,2.77867,-18.8333
19.3,8.88441,-3.28366,18.8671,20.4156,2.78366,-18.8671
19.32,8.88576,-3.28864,18.9009,20.4342,2.78864,-18.9009
19.34,8.88711,-3.29362,18.9346,20.4529,2.79362,-18.9346
19.36,8.88846,-3.29861,18.9684,20.4715,2.79861,-18.9684
19.38,8.88981,-3.30359,19.0022,20.4902,2.80359,-19.0022
19.4,8.89117,-3.30858,19.036,20.5088,2.80858,-19.036
19.42,8.89252,-3.31356,19.0698,20.5275,2.81356,-19.0698
19.44,8.89387,-3.31854,19.1035,20.5461,2.81854,-19.1035
19.46,8.89522,-3.32353,19.1373,20.5648,2.82353,-19.1373
19.48,8.89657,-3.32851,19.1711,20.5834,2.82851,-19.1711
19.5,8.89792,-3.3335,19.2049,20.6021,2.8335,-19.2049
19.52,8.89928,-3.33848,19.2387,20.6207,2.83848,-19.2387
19.54,8.90063,-3.34346,19.2724,20.6394,2.84346,-19.2724
19.56,8.90198,-3.34845,19.3062,20.658,2.84845,-19.3062
19.58,8.90333,-3.35343,19.34,20.6767,2.85343,-19.34
19.6,8.90468,-3.35842,19.3738,20.6953,2.85842,-19.3738
19.62,8.90604,-3.3634,19.4076,20.714,2.8634,-19.4076
19.64,8.90739,-3.36838,19.4413,20.7326,2.86838,-19.4413
19.66,8.90874,-3.37337,19.4751,20.7513,2.87337,-19.4751
19.68,8.91009,-3.37835,19.5089,20.7699,2.87835,-19.5089
19.7,8.91144,-3.38334,19.5427,20.7886,2.88334,-19.5427
19.72,8.9128,-3.38832,19.5765,20.8072,2.88832,-19.5765
19.74,8.91415,-3.3933,19.6102,20.8259,2.8933,-19.6102
19.76,8.9155,-3.39829,19.644,20.8445,2.89829,-19.644
19.78,8.91685,-3.40327,19.6778,20.8631,2.90327,-19.6778
19.8,8.9182,-3.40826,19.7116,20.8818,2.90826,-19.7116
19.82,8.91955,-3.41324,19.7454,20.9004,2.91324,-19.7454
19.84,8.92091,-3.41822,19.7791,20.9191,2.91822,-19.7791
19.86,8.92226,-3.42321,19.8129,20.9377,2.92321,-19.8129
19.88,8.92361,-3.42819,19.8467,20.9564,2.92819,-19.8467
19.9,8.92496,-3.43317,19.8805,20.975,2.93317,-19.8805
19.92,8.92631,-3.43816,19.9143,20.9937,2.93816,-19.9143
19.94,8.92767,-3.44314,19.948,21.0123,2.94314,-19.948
19.96,8.92902,-3.44813,19.9818,21.031,2.94813,-19.9818
19.98,8.93037,-3.45311,20.0156,21.0496,2.95311,-20.0156
20,8.93172,-3.45809,20.0494,21.0683,2.95809,-20.0494
